Data;Hora;Cota;Estacao
01/01/2021;07:00;1136;13600002
01/01/2021;17:00;1162;13600002
02/01/2021;07:00;1140;13600002
02/01/2021;17:00;1106;13600002
03/01/2021;07:00;1064;13600002
03/01/2021;17:00;1054;13600002
04/01/2021;07:00;1072;13600002
04/01/2021;17:00;1069;13600002
05/01/2021;07:00;1040;13600002
05/01/2021;17:00;989;13600002
06/01/2021;07:00;947;13600002
06/01/2021;17:00;930;13600002
07/01/2021;07:00;952;13600002
07/01/2021;17:00;980;13600002
08/01/2021;07:00;972;13600002
08/01/2021;17:00;959;13600002
09/01/2021;07:00;939;13600002
09/01/2021;17:00;918;13600002
10/01/2021;07:00;942;13600002
10/01/2021;17:00;979;13600002
11/01/2021;07:00;978;13600002
11/01/2021;17:00;966;13600002
12/01/2021;07:00;935;13600002
12/01/2021;17:00;896;13600002
13/01/2021;07:00;850;13600002
13/01/2021;17:00;797;13600002
14/01/2021;07:00;783;13600002
14/01/2021;17:00;810;13600002
15/01/2021;07:00;886;13600002
15/01/2021;17:00;876;13600002
16/01/2021;07:00;865;13600002
16/01/2021;17:00;940;13600002
17/01/2021;07:00;1013;13600002
17/01/2021;17:00;1078;13600002
18/01/2021;07:00;1114;13600002
18/01/2021;17:00;1179;13600002
19/01/2021;07:00;1188;13600002
19/01/2021;17:00;1168;13600002
20/01/2021;07:00;1116;13600002
20/01/2021;17:00;1273;13600002
21/01/2021;07:00;1277;13600002
21/01/2021;17:00;958;13600002
22/01/2021;07:00;908;13600002
22/01/2021;17:00;887;13600002
23/01/2021;07:00;896;13600002
23/01/2021;17:00;989;13600002
24/01/2021;07:00;1080;13600002
24/01/2021;17:00;1118;13600002
25/01/2021;07:00;1125;13600002
25/01/2021;17:00;1116;13600002
26/01/2021;07:00;1118;13600002
26/01/2021;17:00;1124;13600002
27/01/2021;07:00;1138;13600002
27/01/2021;17:00;1124;13600002
28/01/2021;07:00;1138;13600002
28/01/2021;17:00;1250;13600002
29/01/2021;07:00;1259;13600002
29/01/2021;17:00;1274;13600002
30/01/2021;07:00;1279;13600002
30/01/2021;17:00;1252;13600002
31/01/2021;07:00;1227;13600002
31/01/2021;17:00;1198;13600002
01/02/2021;07:00;1158;13600002
01/02/2021;17:00;1121;13600002
02/02/2021;07:00;1076;13600002
02/02/2021;17:00;1034;13600002
03/02/2021;07:00;1006;13600002
03/02/2021;17:00;992;13600002
04/02/2021;07:00;987;13600002
04/02/2021;17:00;982;13600002
05/02/2021;07:00;1002;13600002
05/02/2021;17:00;1259;13600002
06/02/2021;07:00;1279;13600002
06/02/2021;17:00;1282;13600002
07/02/2021;07:00;1227;13600002
07/02/2021;17:00;1298;13600002
08/02/2021;07:00;1302;13600002
08/02/2021;17:00;1339;13600002
09/02/2021;07:00;1367;13600002
09/02/2021;17:00;1390;13600002
10/02/2021;07:00;1403;13600002
10/02/2021;17:00;1421;13600002
11/02/2021;07:00;1432;13600002
11/02/2021;17:00;1420;13600002
12/02/2021;07:00;1402;13600002
12/02/2021;17:00;1388;13600002
13/02/2021;07:00;1362;13600002
13/02/2021;17:00;1374;13600002
14/02/2021;07:00;1408;13600002
14/02/2021;17:00;1450;13600002
15/02/2021;07:00;1492;13600002
15/02/2021;17:00;1527;13600002
16/02/2021;07:00;1552;13600002
16/02/2021;17:00;1567;13600002
17/02/2021;07:00;1578;13600002
17/02/2021;17:00;1582;13600002
18/02/2021;07:00;1576;13600002
18/02/2021;17:00;1567;13600002
19/02/2021;07:00;1564;13600002
19/02/2021;17:00;1562;13600002
20/02/2021;07:00;1562;13600002
20/02/2021;17:00;1554;13600002
21/02/2021;07:00;1549;13600002
21/02/2021;17:00;1540;13600002
22/02/2021;07:00;1531;13600002
22/02/2021;17:00;1526;13600002
23/02/2021;07:00;1520;13600002
23/02/2021;17:00;1508;13600002
24/02/2021;07:00;1495;13600002
24/02/2021;17:00;1479;13600002
25/02/2021;07:00;1499;13600002
25/02/2021;17:00;1502;13600002
26/02/2021;07:00;1476;13600002
26/02/2021;17:00;1442;13600002
27/02/2021;07:00;1402;13600002
27/02/2021;17:00;1360;13600002
28/02/2021;07:00;1302;13600002
28/02/2021;17:00;1262;13600002
01/03/2021;07:00;1246;13600002
01/03/2021;17:00;1262;13600002
02/03/2021;07:00;1298;13600002
02/03/2021;17:00;1320;13600002
03/03/2021;07:00;1312;13600002
03/03/2021;17:00;1282;13600002
04/03/2021;07:00;1238;13600002
04/03/2021;17:00;1188;13600002
05/03/2021;07:00;1132;13600002
05/03/2021;17:00;1074;13600002
06/03/2021;07:00;1012;13600002
06/03/2021;17:00;990;13600002
07/03/2021;07:00;913;13600002
07/03/2021;17:00;870;13600002
08/03/2021;07:00;828;13600002
08/03/2021;17:00;816;13600002
09/03/2021;07:00;793;13600002
09/03/2021;17:00;815;13600002
10/03/2021;07:00;940;13600002
10/03/2021;17:00;1024;13600002
11/03/2021;07:00;1100;13600002
11/03/2021;17:00;1139;13600002
12/03/2021;07:00;1140;13600002
12/03/2021;17:00;1110;13600002
13/03/2021;07:00;1066;13600002
13/03/2021;17:00;1020;13600002
14/03/2021;07:00;964;13600002
14/03/2021;17:00;936;13600002
15/03/2021;07:00;930;13600002
15/03/2021;17:00;934;13600002
16/03/2021;07:00;942;13600002
16/03/2021;17:00;948;13600002
17/03/2021;07:00;942;13600002
17/03/2021;17:00;943;13600002
18/03/2021;07:00;944;13600002
18/03/2021;17:00;943;13600002
19/03/2021;07:00;938;13600002
19/03/2021;17:00;989;13600002
20/03/2021;07:00;1040;13600002
20/03/2021;17:00;1060;13600002
21/03/2021;07:00;1074;13600002
21/03/2021;17:00;1096;13600002
22/03/2021;07:00;1162;13600002
22/03/2021;17:00;1244;13600002
23/03/2021;07:00;1302;13600002
23/03/2021;17:00;1244;13600002
24/03/2021;07:00;1302;13600002
24/03/2021;17:00;1352;13600002
25/03/2021;07:00;1376;13600002
25/03/2021;17:00;1405;13600002
26/03/2021;07:00;1368;13600002
26/03/2021;17:00;1334;13600002
27/03/2021;07:00;1288;13600002
27/03/2021;17:00;1235;13600002
28/03/2021;07:00;1197;13600002
28/03/2021;17:00;1174;13600002
29/03/2021;07:00;1156;13600002
29/03/2021;17:00;1150;13600002
30/03/2021;07:00;1142;13600002
30/03/2021;17:00;1135;13600002
31/03/2021;07:00;1137;13600002
31/03/2021;17:00;1162;13600002
01/04/2021;07:00;1188;13600002
01/04/2021;17:00;1184;13600002
02/04/2021;07:00;1174;13600002
02/04/2021;17:00;1166;13600002
03/04/2021;07:00;1136;13600002
03/04/2021;17:00;1122;13600002
04/04/2021;07:00;1113;13600002
04/04/2021;17:00;1092;13600002
05/04/2021;07:00;1068;13600002
05/04/2021;17:00;1074;13600002
06/04/2021;07:00;1140;13600002
06/04/2021;17:00;1195;13600002
07/04/2021;07:00;1224;13600002
07/04/2021;17:00;1244;13600002
08/04/2021;07:00;1246;13600002
08/04/2021;17:00;1226;13600002
09/04/2021;07:00;1186;13600002
09/04/2021;17:00;1154;13600002
10/04/2021;07:00;1102;13600002
10/04/2021;17:00;1006;13600002
11/04/2021;07:00;1008;13600002
11/04/2021;17:00;1006;13600002
12/04/2021;07:00;1006;13600002
12/04/2021;17:00;1046;13600002
13/04/2021;07:00;1072;13600002
13/04/2021;17:00;1102;13600002
14/04/2021;07:00;1110;13600002
14/04/2021;17:00;1109;13600002
15/04/2021;07:00;1098;13600002
15/04/2021;17:00;1090;13600002
16/04/2021;07:00;1089;13600002
16/04/2021;17:00;1072;13600002
17/04/2021;07:00;1030;13600002
17/04/2021;17:00;976;13600002
18/04/2021;07:00;922;13600002
18/04/2021;17:00;950;13600002
19/04/2021;07:00;972;13600002
19/04/2021;17:00;947;13600002
20/04/2021;07:00;896;13600002
20/04/2021;17:00;863;13600002
21/04/2021;07:00;844;13600002
21/04/2021;17:00;840;13600002
22/04/2021;07:00;842;13600002
22/04/2021;17:00;846;13600002
23/04/2021;07:00;849;13600002
23/04/2021;17:00;844;13600002
24/04/2021;07:00;812;13600002
24/04/2021;17:00;799;13600002
25/04/2021;07:00;774;13600002
25/04/2021;17:00;760;13600002
26/04/2021;07:00;786;13600002
26/04/2021;17:00;844;13600002
27/04/2021;07:00;870;13600002
27/04/2021;17:00;902;13600002
28/04/2021;07:00;959;13600002
28/04/2021;17:00;987;13600002
29/04/2021;07:00;994;13600002
29/04/2021;17:00;989;13600002
30/04/2021;07:00;968;13600002
30/04/2021;17:00;930;13600002
01/05/2021;07:00;904;13600002
01/05/2021;17:00;868;13600002
02/05/2021;07:00;822;13600002
02/05/2021;17:00;789;13600002
03/05/2021;07:00;749;13600002
03/05/2021;17:00;715;13600002
04/05/2021;07:00;684;13600002
04/05/2021;17:00;658;13600002
05/05/2021;07:00;633;13600002
05/05/2021;17:00;618;13600002
06/05/2021;07:00;608;13600002
06/05/2021;17:00;590;13600002
07/05/2021;07:00;580;13600002
07/05/2021;17:00;567;13600002
08/05/2021;07:00;540;13600002
08/05/2021;17:00;538;13600002
09/05/2021;07:00;531;13600002
09/05/2021;17:00;518;13600002
10/05/2021;07:00;497;13600002
10/05/2021;17:00;474;13600002
11/05/2021;07:00;454;13600002
11/05/2021;17:00;438;13600002
12/05/2021;07:00;426;13600002
12/05/2021;17:00;419;13600002
13/05/2021;07:00;409;13600002
13/05/2021;17:00;408;13600002
14/05/2021;07:00;402;13600002
14/05/2021;17:00;400;13600002
15/05/2021;07:00;394;13600002
15/05/2021;17:00;388;13600002
16/05/2021;07:00;384;13600002
16/05/2021;17:00;380;13600002
17/05/2021;07:00;376;13600002
17/05/2021;17:00;372;13600002
18/05/2021;07:00;368;13600002
18/05/2021;17:00;363;13600002
19/05/2021;07:00;360;13600002
19/05/2021;17:00;357;13600002
20/05/2021;07:00;354;13600002
20/05/2021;17:00;349;13600002
21/05/2021;07:00;345;13600002
21/05/2021;17:00;342;13600002
22/05/2021;07:00;339;13600002
22/05/2021;17:00;335;13600002
23/05/2021;07:00;332;13600002
23/05/2021;17:00;331;13600002
24/05/2021;07:00;331;13600002
24/05/2021;17:00;339;13600002
25/05/2021;07:00;340;13600002
25/05/2021;17:00;340;13600002
26/05/2021;07:00;339;13600002
26/05/2021;17:00;335;13600002
27/05/2021;07:00;332;13600002
27/05/2021;17:00;331;13600002
28/05/2021;07:00;336;13600002
28/05/2021;17:00;352;13600002
29/05/2021;07:00;360;13600002
29/05/2021;17:00;361;13600002
30/05/2021;07:00;354;13600002
30/05/2021;17:00;346;13600002
31/05/2021;07:00;336;13600002
31/05/2021;17:00;331;13600002
01/06/2021;07:00;336;13600002
01/06/2021;17:00;329;13600002
02/06/2021;07:00;318;13600002
02/06/2021;17:00;316;13600002
03/06/2021;07:00;313;13600002
03/06/2021;17:00;310;13600002
04/06/2021;07:00;311;13600002
04/06/2021;17:00;320;13600002
05/06/2021;07:00;325;13600002
05/06/2021;17:00;324;13600002
06/06/2021;07:00;319;13600002
06/06/2021;17:00;317;13600002
07/06/2021;07:00;315;13600002
07/06/2021;17:00;318;13600002
08/06/2021;07:00;326;13600002
08/06/2021;17:00;338;13600002
09/06/2021;07:00;335;13600002
09/06/2021;17:00;331;13600002
10/06/2021;07:00;324;13600002
10/06/2021;17:00;323;13600002
11/06/2021;07:00;322;13600002
11/06/2021;17:00;318;13600002
12/06/2021;07:00;314;13600002
12/06/2021;17:00;311;13600002
13/06/2021;07:00;304;13600002
13/06/2021;17:00;300;13600002
14/06/2021;07:00;296;13600002
14/06/2021;17:00;286;13600002
15/06/2021;07:00;285;13600002
15/06/2021;17:00;284;13600002
16/06/2021;07:00;283;13600002
16/06/2021;17:00;285;13600002
17/06/2021;07:00;284;13600002
17/06/2021;17:00;283;13600002
18/06/2021;07:00;282;13600002
18/06/2021;17:00;272;13600002
19/06/2021;07:00;274;13600002
19/06/2021;17:00;276;13600002
20/06/2021;07:00;282;13600002
20/06/2021;17:00;283;13600002
21/06/2021;07:00;278;13600002
21/06/2021;17:00;274;13600002
22/06/2021;07:00;272;13600002
22/06/2021;17:00;270;13600002
23/06/2021;07:00;268;13600002
23/06/2021;17:00;262;13600002
24/06/2021;07:00;261;13600002
24/06/2021;17:00;260;13600002
25/06/2021;07:00;258;13600002
25/06/2021;17:00;258;13600002
26/06/2021;07:00;257;13600002
26/06/2021;17:00;255;13600002
27/06/2021;07:00;253;13600002
27/06/2021;17:00;253;13600002
28/06/2021;07:00;253;13600002
28/06/2021;17:00;254;13600002
29/06/2021;07:00;258;13600002
29/06/2021;17:00;262;13600002
30/06/2021;07:00;270;13600002
30/06/2021;17:00;272;13600002
01/07/2021;07:00;270;13600002
01/07/2021;17:00;264;13600002
02/07/2021;07:00;261;13600002
02/07/2021;17:00;258;13600002
03/07/2021;07:00;261;13600002
03/07/2021;17:00;258;13600002
04/07/2021;07:00;255;13600002
04/07/2021;17:00;250;13600002
05/07/2021;07:00;244;13600002
05/07/2021;17:00;241;13600002
06/07/2021;07:00;235;13600002
06/07/2021;17:00;232;13600002
07/07/2021;07:00;230;13600002
07/07/2021;17:00;230;13600002
08/07/2021;07:00;229;13600002
08/07/2021;17:00;228;13600002
09/07/2021;07:00;227;13600002
09/07/2021;17:00;226;13600002
10/07/2021;07:00;224;13600002
10/07/2021;17:00;221;13600002
11/07/2021;07:00;218;13600002
11/07/2021;17:00;216;13600002
12/07/2021;07:00;214;13600002
12/07/2021;17:00;213;13600002
13/07/2021;07:00;212;13600002
13/07/2021;17:00;210;13600002
14/07/2021;07:00;208;13600002
14/07/2021;17:00;207;13600002
15/07/2021;07:00;206;13600002
15/07/2021;17:00;205;13600002
16/07/2021;07:00;203;13600002
16/07/2021;17:00;202;13600002
17/07/2021;07:00;201;13600002
17/07/2021;17:00;200;13600002
18/07/2021;07:00;199;13600002
18/07/2021;17:00;199;13600002
19/07/2021;07:00;198;13600002
19/07/2021;17:00;197;13600002
20/07/2021;07:00;196;13600002
20/07/2021;17:00;196;13600002
21/07/2021;07:00;197;13600002
21/07/2021;17:00;197;13600002
22/07/2021;07:00;195;13600002
22/07/2021;17:00;192;13600002
23/07/2021;07:00;189;13600002
23/07/2021;17:00;186;13600002
24/07/2021;07:00;185;13600002
24/07/2021;17:00;185;13600002
25/07/2021;07:00;184;13600002
25/07/2021;17:00;183;13600002
26/07/2021;07:00;182;13600002
26/07/2021;17:00;181;13600002
27/07/2021;07:00;180;13600002
27/07/2021;17:00;179;13600002
28/07/2021;07:00;178;13600002
28/07/2021;17:00;178;13600002
29/07/2021;07:00;177;13600002
29/07/2021;17:00;176;13600002
30/07/2021;07:00;175;13600002
30/07/2021;17:00;174;13600002
31/07/2021;07:00;172;13600002
31/07/2021;17:00;172;13600002
01/08/2021;07:00;171;13600002
01/08/2021;17:00;172;13600002
02/08/2021;07:00;174;13600002
02/08/2021;17:00;173;13600002
03/08/2021;07:00;172;13600002
03/08/2021;17:00;170;13600002
04/08/2021;07:00;169;13600002
04/08/2021;17:00;167;13600002
05/08/2021;07:00;168;13600002
05/08/2021;17:00;167;13600002
06/08/2021;07:00;166;13600002
06/08/2021;17:00;165;13600002
07/08/2021;07:00;164;13600002
07/08/2021;17:00;164;13600002
08/08/2021;07:00;163;13600002
08/08/2021;17:00;162;13600002
09/08/2021;07:00;162;13600002
09/08/2021;17:00;162;13600002
10/08/2021;07:00;162;13600002
10/08/2021;17:00;162;13600002
11/08/2021;07:00;161;13600002
11/08/2021;17:00;159;13600002
12/08/2021;07:00;157;13600002
12/08/2021;17:00;155;13600002
13/08/2021;07:00;154;13600002
13/08/2021;17:00;153;13600002
14/08/2021;07:00;152;13600002
14/08/2021;17:00;151;13600002
15/08/2021;07:00;150;13600002
15/08/2021;17:00;149;13600002
16/08/2021;07:00;148;13600002
16/08/2021;17:00;147;13600002
17/08/2021;07:00;146;13600002
17/08/2021;17:00;145;13600002
18/08/2021;07:00;144;13600002
18/08/2021;17:00;142;13600002
19/08/2021;07:00;142;13600002
19/08/2021;17:00;141;13600002
20/08/2021;07:00;142;13600002
20/08/2021;17:00;142;13600002
21/08/2021;07:00;141;13600002
21/08/2021;17:00;141;13600002
22/08/2021;07:00;140;13600002
22/08/2021;17:00;140;13600002
23/08/2021;07:00;140;13600002
23/08/2021;17:00;140;13600002
24/08/2021;07:00;139;13600002
24/08/2021;17:00;137;13600002
25/08/2021;07:00;138;13600002
25/08/2021;17:00;137;13600002
26/08/2021;07:00;136;13600002
26/08/2021;17:00;135;13600002
27/08/2021;07:00;134;13600002
27/08/2021;17:00;134;13600002
28/08/2021;07:00;134;13600002
28/08/2021;17:00;133;13600002
29/08/2021;07:00;133;13600002
29/08/2021;17:00;134;13600002
30/08/2021;07:00;138;13600002
30/08/2021;17:00;146;13600002
31/08/2021;07:00;147;13600002
31/08/2021;17:00;146;13600002
01/09/2021;07:00;145;13600002
01/09/2021;17:00;146;13600002
02/09/2021;07:00;152;13600002
02/09/2021;17:00;147;13600002
03/09/2021;07:00;148;13600002
03/09/2021;17:00;147;13600002
04/09/2021;07:00;146;13600002
04/09/2021;17:00;144;13600002
05/09/2021;07:00;142;13600002
05/09/2021;17:00;142;13600002
06/09/2021;07:00;143;13600002
06/09/2021;17:00;145;13600002
07/09/2021;07:00;146;13600002
07/09/2021;17:00;147;13600002
08/09/2021;07:00;148;13600002
08/09/2021;17:00;150;13600002
09/09/2021;07:00;151;13600002
09/09/2021;17:00;157;13600002
10/09/2021;07:00;154;13600002
10/09/2021;17:00;150;13600002
11/09/2021;07:00;148;13600002
11/09/2021;17:00;148;13600002
12/09/2021;07:00;147;13600002
12/09/2021;17:00;147;13600002
13/09/2021;07:00;147;13600002
13/09/2021;17:00;146;13600002
14/09/2021;07:00;145;13600002
14/09/2021;17:00;146;13600002
15/09/2021;07:00;151;13600002
15/09/2021;17:00;158;13600002
16/09/2021;07:00;160;13600002
16/09/2021;17:00;161;13600002
17/09/2021;07:00;156;13600002
17/09/2021;17:00;152;13600002
18/09/2021;07:00;149;13600002
18/09/2021;17:00;147;13600002
19/09/2021;07:00;150;13600002
19/09/2021;17:00;153;13600002
20/09/2021;07:00;153;13600002
20/09/2021;17:00;154;13600002
21/09/2021;07:00;152;13600002
21/09/2021;17:00;151;13600002
22/09/2021;07:00;149;13600002
22/09/2021;17:00;146;13600002
23/09/2021;07:00;145;13600002
23/09/2021;17:00;145;13600002
24/09/2021;07:00;144;13600002
24/09/2021;17:00;164;13600002
25/09/2021;07:00;149;13600002
25/09/2021;17:00;152;13600002
26/09/2021;07:00;157;13600002
26/09/2021;17:00;158;13600002
27/09/2021;07:00;148;13600002
27/09/2021;17:00;143;13600002
28/09/2021;07:00;140;13600002
28/09/2021;17:00;141;13600002
29/09/2021;07:00;144;13600002
29/09/2021;17:00;150;13600002
30/09/2021;07:00;151;13600002
30/09/2021;17:00;152;13600002
01/10/2021;07:00;149;13600002
01/10/2021;17:00;148;13600002
01/10/2021;07:00;;15250000
02/10/2021;07:00;148;13600002
02/10/2021;17:00;148;13600002
02/10/2021;07:00;;15250000
03/10/2021;07:00;148;13600002
03/10/2021;17:00;147;13600002
03/10/2021;07:00;;15250000
04/10/2021;07:00;146;13600002
04/10/2021;17:00;144;13600002
04/10/2021;07:00;;15250000
05/10/2021;07:00;165;13600002
05/10/2021;17:00;164;13600002
05/10/2021;07:00;;15250000
06/10/2021;07:00;154;13600002
06/10/2021;17:00;153;13600002
06/10/2021;07:00;;15250000
07/10/2021;07:00;166;13600002
07/10/2021;17:00;173;13600002
07/10/2021;07:00;;15250000
08/10/2021;07:00;172;13600002
08/10/2021;17:00;172;13600002
08/10/2021;07:00;;15250000
09/10/2021;07:00;179;13600002
09/10/2021;17:00;182;13600002
09/10/2021;07:00;;15250000
10/10/2021;07:00;181;13600002
10/10/2021;17:00;181;13600002
10/10/2021;07:00;;15250000
11/10/2021;07:00;179;13600002
11/10/2021;17:00;180;13600002
11/10/2021;07:00;;15250000
12/10/2021;07:00;186;13600002
12/10/2021;17:00;196;13600002
12/10/2021;07:00;;15250000
13/10/2021;07:00;198;13600002
13/10/2021;17:00;190;13600002
13/10/2021;07:00;;15250000
14/10/2021;07:00;170;13600002
14/10/2021;17:00;162;13600002
14/10/2021;07:00;;15250000
15/10/2021;07:00;156;13600002
15/10/2021;17:00;159;13600002
15/10/2021;07:00;;15250000
16/10/2021;07:00;161;13600002
16/10/2021;17:00;250;13600002
16/10/2021;07:00;;15250000
17/10/2021;07:00;210;13600002
17/10/2021;17:00;208;13600002
17/10/2021;07:00;;15250000
18/10/2021;07:00;190;13600002
18/10/2021;17:00;196;13600002
18/10/2021;07:00;;15250000
19/10/2021;07:00;202;13600002
19/10/2021;17:00;206;13600002
19/10/2021;07:00;;15250000
20/10/2021;07:00;209;13600002
20/10/2021;17:00;220;13600002
20/10/2021;07:00;;15250000
21/10/2021;07:00;233;13600002
21/10/2021;17:00;228;13600002
21/10/2021;07:00;;15250000
22/10/2021;07:00;214;13600002
22/10/2021;17:00;202;13600002
22/10/2021;07:00;;15250000
23/10/2021;07:00;195;13600002
23/10/2021;17:00;193;13600002
23/10/2021;07:00;;15250000
24/10/2021;07:00;193;13600002
24/10/2021;17:00;205;13600002
24/10/2021;07:00;;15250000
25/10/2021;07:00;240;13600002
25/10/2021;17:00;249;13600002
25/10/2021;07:00;;15250000
26/10/2021;07:00;245;13600002
26/10/2021;17:00;238;13600002
26/10/2021;07:00;;15250000
27/10/2021;07:00;230;13600002
27/10/2021;17:00;228;13600002
27/10/2021;07:00;;15250000
28/10/2021;07:00;219;13600002
28/10/2021;17:00;226;13600002
28/10/2021;07:00;;15250000
29/10/2021;07:00;228;13600002
29/10/2021;17:00;222;13600002
29/10/2021;07:00;;15250000
30/10/2021;07:00;216;13600002
30/10/2021;17:00;215;13600002
30/10/2021;07:00;;15250000
31/10/2021;07:00;209;13600002
31/10/2021;17:00;205;13600002
31/10/2021;07:00;;15250000
01/11/2021;07:00;205;13600002
01/11/2021;17:00;203;13600002
01/11/2021;07:00;;15250000
02/11/2021;07:00;196;13600002
02/11/2021;17:00;197;13600002
02/11/2021;07:00;;15250000
03/11/2021;07:00;186;13600002
03/11/2021;17:00;198;13600002
03/11/2021;07:00;;15250000
04/11/2021;07:00;194;13600002
04/11/2021;17:00;194;13600002
04/11/2021;07:00;;15250000
05/11/2021;07:00;190;13600002
05/11/2021;17:00;204;13600002
05/11/2021;07:00;;15250000
06/11/2021;07:00;202;13600002
06/11/2021;17:00;204;13600002
06/11/2021;07:00;;15250000
07/11/2021;07:00;202;13600002
07/11/2021;17:00;196;13600002
07/11/2021;07:00;;15250000
08/11/2021;07:00;192;13600002
08/11/2021;17:00;189;13600002
08/11/2021;07:00;;15250000
09/11/2021;07:00;188;13600002
09/11/2021;17:00;188;13600002
09/11/2021;07:00;;15250000
10/11/2021;07:00;197;13600002
10/11/2021;17:00;202;13600002
10/11/2021;07:00;;15250000
11/11/2021;07:00;197;13600002
11/11/2021;17:00;196;13600002
11/11/2021;07:00;;15250000
12/11/2021;07:00;199;13600002
12/11/2021;17:00;195;13600002
12/11/2021;07:00;;15250000
13/11/2021;07:00;191;13600002
13/11/2021;17:00;188;13600002
13/11/2021;07:00;;15250000
14/11/2021;07:00;188;13600002
14/11/2021;17:00;195;13600002
14/11/2021;07:00;;15250000
15/11/2021;07:00;205;13600002
15/11/2021;17:00;215;13600002
15/11/2021;07:00;;15250000
16/11/2021;07:00;240;13600002
16/11/2021;17:00;256;13600002
16/11/2021;07:00;;15250000
17/11/2021;07:00;262;13600002
17/11/2021;17:00;248;13600002
17/11/2021;07:00;;15250000
18/11/2021;07:00;222;13600002
18/11/2021;17:00;212;13600002
18/11/2021;07:00;;15250000
19/11/2021;07:00;215;13600002
19/11/2021;17:00;215;13600002
19/11/2021;07:00;;15250000
20/11/2021;07:00;260;13600002
20/11/2021;17:00;304;13600002
20/11/2021;07:00;;15250000
21/11/2021;07:00;328;13600002
21/11/2021;17:00;372;13600002
21/11/2021;07:00;;15250000
22/11/2021;07:00;425;13600002
22/11/2021;17:00;460;13600002
22/11/2021;07:00;;15250000
23/11/2021;07:00;490;13600002
23/11/2021;17:00;498;13600002
23/11/2021;07:00;;15250000
24/11/2021;07:00;502;13600002
24/11/2021;17:00;506;13600002
24/11/2021;07:00;;15250000
25/11/2021;07:00;558;13600002
25/11/2021;17:00;590;13600002
25/11/2021;07:00;;15250000
26/11/2021;07:00;576;13600002
26/11/2021;17:00;548;13600002
26/11/2021;07:00;;15250000
27/11/2021;07:00;519;13600002
27/11/2021;17:00;501;13600002
27/11/2021;07:00;;15250000
28/11/2021;07:00;488;13600002
28/11/2021;17:00;479;13600002
28/11/2021;07:00;;15250000
29/11/2021;07:00;489;13600002
29/11/2021;17:00;526;13600002
29/11/2021;07:00;;15250000
30/11/2021;07:00;556;13600002
30/11/2021;17:00;574;13600002
30/11/2021;07:00;;15250000
01/12/2021;07:00;582;13600002
01/12/2021;17:00;575;13600002
01/12/2021;07:00;707;15250000
02/12/2021;07:00;554;13600002
02/12/2021;17:00;534;13600002
02/12/2021;07:00;710;15250000
03/12/2021;07:00;516;13600002
03/12/2021;17:00;508;13600002
03/12/2021;07:00;715;15250000
04/12/2021;07:00;498;13600002
04/12/2021;17:00;489;13600002
04/12/2021;07:00;719;15250000
05/12/2021;07:00;476;13600002
05/12/2021;17:00;498;13600002
05/12/2021;07:00;718;15250000
06/12/2021;07:00;503;13600002
06/12/2021;17:00;508;13600002
06/12/2021;07:00;740;15250000
07/12/2021;07:00;608;13600002
07/12/2021;17:00;638;13600002
07/12/2021;07:00;750;15250000
08/12/2021;07:00;760;13600002
08/12/2021;17:00;835;13600002
08/12/2021;07:00;763;15250000
09/12/2021;07:00;944;13600002
09/12/2021;17:00;962;13600002
09/12/2021;07:00;777;15250000
10/12/2021;07:00;1009;13600002
10/12/2021;17:00;1024;13600002
10/12/2021;07:00;788;15250000
11/12/2021;07:00;1018;13600002
11/12/2021;17:00;987;13600002
11/12/2021;07:00;798;15250000
12/12/2021;07:00;934;13600002
12/12/2021;17:00;878;13600002
12/12/2021;07:00;808;15250000
13/12/2021;07:00;828;13600002
13/12/2021;17:00;788;13600002
13/12/2021;07:00;812;15250000
14/12/2021;07:00;768;13600002
14/12/2021;17:00;772;13600002
14/12/2021;07:00;817;15250000
15/12/2021;07:00;772;13600002
15/12/2021;17:00;799;13600002
15/12/2021;07:00;825;15250000
16/12/2021;07:00;803;13600002
16/12/2021;17:00;815;13600002
16/12/2021;07:00;825;15250000
17/12/2021;07:00;855;13600002
17/12/2021;17:00;888;13600002
17/12/2021;07:00;829;15250000
18/12/2021;07:00;904;13600002
18/12/2021;17:00;925;13600002
18/12/2021;07:00;833;15250000
19/12/2021;07:00;958;13600002
19/12/2021;17:00;964;13600002
19/12/2021;07:00;837;15250000
20/12/2021;07:00;976;13600002
20/12/2021;17:00;1009;13600002
20/12/2021;07:00;842;15250000
21/12/2021;07:00;1030;13600002
21/12/2021;17:00;1062,5;13600002
21/12/2021;07:00;850;15250000
22/12/2021;07:00;1095;13600002
22/12/2021;17:00;1115;13600002
22/12/2021;07:00;861;15250000
23/12/2021;07:00;1102;13600002
23/12/2021;17:00;1093;13600002
23/12/2021;07:00;870;15250000
24/12/2021;07:00;1095;13600002
24/12/2021;07:00;878;15250000
25/12/2021;06:00;1102;13600002
25/12/2021;07:00;886;15250000
26/12/2021;06:00;1042;13600002
26/12/2021;07:00;890;15250000
27/12/2021;06:00;968;13600002
27/12/2021;07:00;895;15250000
28/12/2021;07:00;878;13600002
28/12/2021;17:00;858;13600002
28/12/2021;07:00;900;15250000
29/12/2021;07:00;838;13600002
29/12/2021;07:00;904;15250000
30/12/2021;07:00;924;13600002
30/12/2021;17:00;1002;13600002
30/12/2021;07:00;911;15250000
31/12/2021;07:00;1066;13600002
31/12/2021;17:00;1098;13600002
31/12/2021;07:00;917;15250000
01/01/2022;07:00;1114;13600002
01/01/2022;17:00;1121;13600002
01/01/2022;07:00;;14530000
01/01/2022;07:00;711;15250000
01/01/2022;07:00;1909;15630000
01/01/2022;17:00;570;44500000
01/01/2022;07:00;290;45131000
01/01/2022;17:00;294;45131000
01/01/2022;07:00;92;49330000
01/01/2022;17:00;54;49330000
02/01/2022;07:00;1114;13600002
02/01/2022;17:00;1090;13600002
02/01/2022;07:00;;14530000
02/01/2022;07:00;716;15250000
02/01/2022;07:00;1920;15630000
02/01/2022;07:00;574;44500000
02/01/2022;17:00;588;44500000
02/01/2022;07:00;335;45131000
02/01/2022;17:00;333;45131000
02/01/2022;07:00;90;49330000
02/01/2022;17:00;70;49330000
03/01/2022;07:00;1052;13600002
03/01/2022;07:00;;14530000
03/01/2022;07:00;723;15250000
03/01/2022;07:00;1924;15630000
03/01/2022;07:00;604;44500000
03/01/2022;17:00;616;44500000
03/01/2022;07:00;327;45131000
03/01/2022;17:00;316;45131000
03/01/2022;07:00;64;49330000
03/01/2022;17:00;66;49330000
04/01/2022;07:00;964;13600002
04/01/2022;07:00;;14530000
04/01/2022;07:00;730;15250000
04/01/2022;07:00;1923;15630000
04/01/2022;07:00;644;44500000
04/01/2022;17:00;662;44500000
04/01/2022;07:00;318;45131000
04/01/2022;17:00;336;45131000
04/01/2022;07:00;90;49330000
04/01/2022;17:00;83;49330000
05/01/2022;07:00;848;13600002
05/01/2022;07:00;;14530000
05/01/2022;07:00;743;15250000
05/01/2022;07:00;1916;15630000
05/01/2022;07:00;686;44500000
05/01/2022;17:00;700;44500000
05/01/2022;07:00;323;45131000
05/01/2022;17:00;323;45131000
05/01/2022;07:00;25;49330000
05/01/2022;17:00;18;49330000
06/01/2022;07:00;752;13600002
06/01/2022;07:00;;14530000
06/01/2022;07:00;752;15250000
06/01/2022;07:00;1909;15630000
06/01/2022;07:00;716;44500000
06/01/2022;17:00;726;44500000
06/01/2022;07:00;319;45131000
06/01/2022;17:00;302;45131000
06/01/2022;07:00;24;49330000
06/01/2022;17:00;10;49330000
07/01/2022;07:00;654;13600002
07/01/2022;07:00;;14530000
07/01/2022;07:00;766;15250000
07/01/2022;07:00;1898;15630000
07/01/2022;07:00;738;44500000
07/01/2022;17:00;746;44500000
07/01/2022;07:00;297;45131000
07/01/2022;17:00;282;45131000
07/01/2022;07:00;78;49330000
07/01/2022;17:00;19;49330000
08/01/2022;07:00;588;13600002
08/01/2022;07:00;;14530000
08/01/2022;07:00;780;15250000
08/01/2022;07:00;1884;15630000
08/01/2022;07:00;805;44290003
08/01/2022;17:00;812;44290003
08/01/2022;07:00;762;44500000
08/01/2022;17:00;770;44500000
08/01/2022;07:00;290;45131000
08/01/2022;17:00;290;45131000
08/01/2022;07:00;666;45298000
08/01/2022;07:00;68;49330000
08/01/2022;17:00;90;49330000
09/01/2022;07:00;582;13600002
09/01/2022;07:00;;14530000
09/01/2022;07:00;791;15250000
09/01/2022;07:00;1870;15630000
09/01/2022;07:00;829;44290003
09/01/2022;17:00;832;44290003
09/01/2022;07:00;782;44500000
09/01/2022;17:00;790;44500000
09/01/2022;07:00;268;45131000
09/01/2022;17:00;270;45131000
09/01/2022;07:00;688;45298000
09/01/2022;07:00;79;49330000
09/01/2022;17:00;94;49330000
10/01/2022;07:00;;14530000
10/01/2022;07:00;801;15250000
10/01/2022;07:00;1864;15630000
10/01/2022;07:00;847;44290003
10/01/2022;17:00;852;44290003
10/01/2022;07:00;799;44500000
10/01/2022;17:00;808;44500000
10/01/2022;07:00;298;45131000
10/01/2022;17:00;284;45131000
10/01/2022;07:00;708;45298000
10/01/2022;07:00;37;49330000
10/01/2022;17:00;27;49330000
11/01/2022;07:00;;14530000
11/01/2022;07:00;809;15250000
11/01/2022;07:00;1866;15630000
11/01/2022;07:00;860;44290003
11/01/2022;17:00;864;44290003
11/01/2022;07:00;814;44500000
11/01/2022;17:00;818;44500000
11/01/2022;07:00;266;45131000
11/01/2022;17:00;258;45131000
11/01/2022;07:00;722;45298000
11/01/2022;07:00;60;49330000
11/01/2022;17:00;34;49330000
12/01/2022;07:00;;14530000
12/01/2022;07:00;814;15250000
12/01/2022;07:00;1874;15630000
12/01/2022;07:00;871;44290003
12/01/2022;17:00;876;44290003
12/01/2022;07:00;822;44500000
12/01/2022;17:00;826;44500000
12/01/2022;07:00;265;45131000
12/01/2022;07:00;732;45298000
12/01/2022;07:00;58;49330000
12/01/2022;17:00;45;49330000
13/01/2022;07:00;;14530000
13/01/2022;07:00;818;15250000
13/01/2022;07:00;1881;15630000
13/01/2022;07:00;885;44290003
13/01/2022;17:00;892;44290003
13/01/2022;07:00;830;44500000
13/01/2022;17:00;834;44500000
13/01/2022;07:00;739;45298000
13/01/2022;07:00;24;49330000
13/01/2022;17:00;47;49330000
14/01/2022;07:00;;14530000
14/01/2022;07:00;822;15250000
14/01/2022;07:00;1880;15630000
14/01/2022;07:00;903;44290003
14/01/2022;17:00;907;44290003
14/01/2022;07:00;840;44500000
14/01/2022;17:00;844;44500000
14/01/2022;07:00;747;45298000
14/01/2022;07:00;22;49330000
14/01/2022;17:00;198;49330000
15/01/2022;07:00;;14530000
15/01/2022;07:00;826;15250000
15/01/2022;07:00;1862;15630000
15/01/2022;07:00;918;44290003
15/01/2022;17:00;922;44290003
15/01/2022;07:00;850;44500000
15/01/2022;17:00;854;44500000
15/01/2022;07:00;753;45298000
15/01/2022;07:00;146;49330000
15/01/2022;17:00;195;49330000
16/01/2022;07:00;;14530000
16/01/2022;07:00;830;15250000
16/01/2022;07:00;1859;15630000
16/01/2022;07:00;932;44290003
16/01/2022;17:00;938;44290003
16/01/2022;07:00;860;44500000
16/01/2022;17:00;864;44500000
16/01/2022;07:00;759;45298000
16/01/2022;07:00;206;49330000
16/01/2022;17:00;290;49330000
17/01/2022;07:00;;14530000
17/01/2022;07:00;834;15250000
17/01/2022;07:00;1841;15630000
17/01/2022;07:00;941;44290003
17/01/2022;17:00;944;44290003
17/01/2022;07:00;868;44500000
17/01/2022;17:00;871;44500000
17/01/2022;07:00;764;45298000
17/01/2022;07:00;260;49330000
17/01/2022;17:00;237;49330000
18/01/2022;07:00;;14530000
18/01/2022;07:00;838;15250000
18/01/2022;07:00;1832;15630000
18/01/2022;07:00;385;41135000
18/01/2022;07:00;948;44290003
18/01/2022;17:00;952;44290003
18/01/2022;07:00;876;44500000
18/01/2022;17:00;878;44500000
18/01/2022;07:00;769;45298000
18/01/2022;07:00;769;45298000
18/01/2022;07:00;226;49330000
18/01/2022;17:00;346;49330000
19/01/2022;07:00;;14530000
19/01/2022;07:00;843;15250000
19/01/2022;07:00;1822;15630000
19/01/2022;07:00;957;44290003
19/01/2022;17:00;961;44290003
19/01/2022;07:00;882;44500000
19/01/2022;17:00;882;44500000
19/01/2022;07:00;772;45298000
19/01/2022;07:00;346;49330000
19/01/2022;17:00;364;49330000
20/01/2022;07:00;;14530000
20/01/2022;07:00;853;15250000
20/01/2022;07:00;1812;15630000
20/01/2022;07:00;966;44290003
20/01/2022;17:00;970;44290003
20/01/2022;07:00;888;44500000
20/01/2022;17:00;888;44500000
20/01/2022;07:00;776;45298000
20/01/2022;07:00;369;49330000
20/01/2022;17:00;445;49330000
21/01/2022;07:00;;14530000
21/01/2022;07:00;864;15250000
21/01/2022;07:00;1811;15630000
21/01/2022;07:00;974;44290003
21/01/2022;17:00;978;44290003
21/01/2022;07:00;896;44500000
21/01/2022;17:00;902;44500000
21/01/2022;07:00;780;45298000
21/01/2022;07:00;450;49330000
21/01/2022;17:00;437;49330000
22/01/2022;07:00;;14530000
22/01/2022;07:00;873;15250000
22/01/2022;07:00;1810;15630000
22/01/2022;07:00;980;44290003
22/01/2022;07:00;912;44500000
22/01/2022;17:00;918;44500000
22/01/2022;07:00;786;45298000
22/01/2022;07:00;446;49330000
22/01/2022;17:00;490;49330000
23/01/2022;07:00;;14530000
23/01/2022;07:00;880;15250000
23/01/2022;07:00;1803;15630000
23/01/2022;07:00;984;44290003
23/01/2022;07:00;924;44500000
23/01/2022;17:00;928;44500000
23/01/2022;07:00;794;45298000
23/01/2022;07:00;494;49330000
23/01/2022;17:00;465;49330000
24/01/2022;07:00;;14530000
24/01/2022;07:00;887;15250000
24/01/2022;07:00;1801;15630000
24/01/2022;07:00;981;44290003
24/01/2022;07:00;934;44500000
24/01/2022;07:00;801;45298000
24/01/2022;07:00;534;49330000
24/01/2022;17:00;590;49330000
25/01/2022;07:00;;14530000
25/01/2022;07:00;892;15250000
25/01/2022;07:00;1798;15630000
25/01/2022;07:00;975;44290003
25/01/2022;07:00;940;44500000
25/01/2022;17:00;944;44500000
25/01/2022;07:00;808;45298000
25/01/2022;07:00;586;49330000
25/01/2022;17:00;601;49330000
26/01/2022;07:00;;14530000
26/01/2022;07:00;896;15250000
26/01/2022;07:00;1803;15630000
26/01/2022;07:00;966;44290003
26/01/2022;07:00;946;44500000
26/01/2022;17:00;948;44500000
26/01/2022;07:00;812;45298000
26/01/2022;07:00;580;49330000
26/01/2022;17:00;562;49330000
27/01/2022;07:00;748;13600002
27/01/2022;07:00;;14530000
27/01/2022;07:00;901;15250000
27/01/2022;07:00;1809;15630000
27/01/2022;07:00;952;44290003
27/01/2022;07:00;950;44500000
27/01/2022;17:00;950;44500000
27/01/2022;07:00;816;45298000
27/01/2022;07:00;584;49330000
27/01/2022;17:00;579;49330000
28/01/2022;07:00;730;13600002
28/01/2022;07:00;;14530000
28/01/2022;07:00;905;15250000
28/01/2022;07:00;1821;15630000
28/01/2022;07:00;943;44290003
28/01/2022;17:00;924;44290003
28/01/2022;07:00;950;44500000
28/01/2022;17:00;948;44500000
28/01/2022;07:00;819;45298000
28/01/2022;07:00;570;49330000
28/01/2022;17:00;588;49330000
29/01/2022;07:00;;14530000
29/01/2022;07:00;913;15250000
29/01/2022;07:00;1822;15630000
29/01/2022;07:00;380;41135000
29/01/2022;07:00;903;44290003
29/01/2022;07:00;946;44500000
29/01/2022;17:00;943;44500000
29/01/2022;07:00;820;45298000
29/01/2022;07:00;551;49330000
29/01/2022;17:00;565;49330000
30/01/2022;07:00;;14530000
30/01/2022;07:00;919;15250000
30/01/2022;07:00;1852;15630000
30/01/2022;07:00;380;41135000
30/01/2022;07:00;882;44290003
30/01/2022;07:00;936;44500000
30/01/2022;07:00;819;45298000
30/01/2022;07:00;576;49330000
30/01/2022;17:00;570;49330000
31/01/2022;07:00;;14530000
31/01/2022;07:00;923;15250000
31/01/2022;07:00;1881;15630000
31/01/2022;07:00;380;41135000
31/01/2022;07:00;862;44290003
31/01/2022;07:00;922;44500000
31/01/2022;07:00;815;45298000
31/01/2022;07:00;580;49330000
01/02/2022;07:00;;14530000
01/02/2022;07:00;928;15250000
01/02/2022;07:00;1894;15630000
01/02/2022;17:00;366;41135000
01/02/2022;07:00;370;41135000
01/02/2022;07:00;838;44290003
01/02/2022;07:00;908;44500000
01/02/2022;07:00;808;45298000
01/02/2022;07:00;792;46360000
01/02/2022;17:00;793;46360000
02/02/2022;07:00;;14530000
02/02/2022;07:00;932;15250000
02/02/2022;07:00;1903;15630000
02/02/2022;07:00;351;41135000
02/02/2022;17:00;348;41135000
02/02/2022;07:00;820;44290003
02/02/2022;17:00;814;44290003
02/02/2022;07:00;886;44500000
02/02/2022;17:00;878;44500000
02/02/2022;07:00;799;45298000
02/02/2022;07:00;794;46360000
02/02/2022;17:00;796;46360000
03/02/2022;07:00;;14530000
03/02/2022;07:00;934;15250000
03/02/2022;07:00;1901;15630000
03/02/2022;07:00;346;41135000
03/02/2022;07:00;802;44290003
03/02/2022;07:00;862;44500000
03/02/2022;07:00;786;45298000
03/02/2022;07:00;797;46360000
03/02/2022;17:00;797;46360000
03/02/2022;07:00;371;49740000
04/02/2022;07:00;;14530000
04/02/2022;07:00;929;15250000
04/02/2022;07:00;1907;15630000
04/02/2022;07:00;349;41135000
04/02/2022;07:00;785;44290003
04/02/2022;07:00;840;44500000
04/02/2022;07:00;770;45298000
04/02/2022;07:00;798;46360000
04/02/2022;17:00;798;46360000
04/02/2022;07:00;417;66260001
05/02/2022;07:00;;14530000
05/02/2022;07:00;923;15250000
05/02/2022;07:00;1929;15630000
05/02/2022;07:00;346;41135000
05/02/2022;07:00;754;44290003
05/02/2022;07:00;812;44500000
05/02/2022;07:00;752;45298000
05/02/2022;07:00;799;46360000
05/02/2022;17:00;800;46360000
05/02/2022;07:00;312;66260001
06/02/2022;07:00;923;15250000
06/02/2022;07:00;1950;15630000
06/02/2022;07:00;373;41135000
06/02/2022;07:00;752;44290003
06/02/2022;07:00;790;44500000
06/02/2022;17:00;784;44500000
06/02/2022;07:00;730;45298000
06/02/2022;07:00;802;46360000
06/02/2022;17:00;804;46360000
06/02/2022;07:00;249;66260001
07/02/2022;07:00;922;15250000
07/02/2022;07:00;1967;15630000
07/02/2022;07:00;388;41135000
07/02/2022;07:00;759;44290003
07/02/2022;07:00;778;44500000
07/02/2022;17:00;770;44500000
07/02/2022;07:00;714;45298000
07/02/2022;07:00;805;46360000
07/02/2022;07:00;243;66260001
08/02/2022;07:00;921;15250000
08/02/2022;07:00;921;15250000
08/02/2022;07:00;1976;15630000
08/02/2022;07:00;366;41135000
08/02/2022;07:00;784;44290003
08/02/2022;07:00;772;44500000
08/02/2022;17:00;778;44500000
08/02/2022;07:00;701;45298000
08/02/2022;07:00;249;66260001
09/02/2022;07:00;922;15250000
09/02/2022;12:00;1242;15400000
09/02/2022;07:00;1982;15630000
09/02/2022;07:00;361;41135000
09/02/2022;07:00;822;44290003
09/02/2022;07:00;786;44500000
09/02/2022;17:00;796;44500000
09/02/2022;07:00;695;45298000
09/02/2022;07:00;306;66260001
10/02/2022;07:00;922;15250000
10/02/2022;12:00;1283;15400000
10/02/2022;07:00;1979;15630000
10/02/2022;07:00;369;41135000
10/02/2022;07:00;835;44290003
10/02/2022;07:00;804;44500000
10/02/2022;17:00;810;44500000
10/02/2022;07:00;702;45298000
10/02/2022;07:00;413;66260001
11/02/2022;07:00;924;15250000
11/02/2022;12:00;1303;15400000
11/02/2022;07:00;1999;15630000
11/02/2022;07:00;378;41135000
11/02/2022;07:00;840;44290003
11/02/2022;17:00;842;44290003
11/02/2022;07:00;814;44500000
11/02/2022;17:00;816;44500000
11/02/2022;07:00;709;45298000
11/02/2022;07:00;416;66260001
12/02/2022;07:00;925;15250000
12/02/2022;12:00;1328;15400000
12/02/2022;07:00;2014;15630000
12/02/2022;07:00;379;41135000
12/02/2022;07:00;842;44290003
12/02/2022;17:00;845;44290003
12/02/2022;07:00;820;44500000
12/02/2022;17:00;820;44500000
12/02/2022;07:00;715;45298000
12/02/2022;07:00;402;66260001
13/02/2022;07:00;926;15250000
13/02/2022;12:00;1342;15400000
13/02/2022;07:00;2033;15630000
13/02/2022;07:00;374;41135000
13/02/2022;07:00;859;44290003
13/02/2022;07:00;826;44500000
13/02/2022;17:00;828;44500000
13/02/2022;07:00;720;45298000
13/02/2022;07:00;467;66260001
14/02/2022;07:00;939;15250000
14/02/2022;07:00;1291;15400000
14/02/2022;07:00;2042;15630000
14/02/2022;07:00;369;41135000
14/02/2022;17:00;374;41135000
14/02/2022;07:00;872;44290003
14/02/2022;18:00;876;44290003
14/02/2022;07:00;832;44500000
14/02/2022;17:00;834;44500000
14/02/2022;07:00;726;45298000
14/02/2022;07:00;500;66260001
15/02/2022;07:00;943;15250000
15/02/2022;07:00;1283;15400000
15/02/2022;07:00;2042;15630000
15/02/2022;07:00;379;41135000
15/02/2022;17:00;379;41135000
15/02/2022;07:00;880;44290003
15/02/2022;17:00;885;44290003
15/02/2022;07:00;839;44500000
15/02/2022;17:00;842;44500000
15/02/2022;07:00;730;45298000
15/02/2022;07:00;465;66260001
16/02/2022;07:00;944;15250000
16/02/2022;07:00;1285;15400000
16/02/2022;07:00;2039;15630000
16/02/2022;07:00;383;41135000
16/02/2022;07:00;890;44290003
16/02/2022;07:00;846;44500000
16/02/2022;17:00;850;44500000
16/02/2022;07:00;736;45298000
16/02/2022;07:00;421;66260001
17/02/2022;07:00;945;15250000
17/02/2022;07:00;1290;15400000
17/02/2022;07:00;2039;15630000
17/02/2022;07:00;380;41135000
17/02/2022;17:00;381;41135000
17/02/2022;07:00;902;44290003
17/02/2022;07:00;854;44500000
17/02/2022;17:00;858;44500000
17/02/2022;07:00;742;45298000
17/02/2022;07:00;361;66260001
18/02/2022;07:00;946;15250000
18/02/2022;07:00;1292;15400000
18/02/2022;07:00;2034;15630000
18/02/2022;07:00;381;41135000
18/02/2022;17:00;389;41135000
18/02/2022;07:00;913;44290003
18/02/2022;17:00;916;44290003
18/02/2022;07:00;862;44500000
18/02/2022;17:00;866;44500000
18/02/2022;07:00;746;45298000
18/02/2022;07:00;746;45298000
18/02/2022;07:00;402;66260001
19/02/2022;07:00;947;15250000
19/02/2022;07:00;1302;15400000
19/02/2022;07:00;2043;15630000
19/02/2022;07:00;399;41135000
19/02/2022;17:00;396;41135000
19/02/2022;07:00;921;44290003
19/02/2022;17:00;927;44290003
19/02/2022;07:00;872;44500000
19/02/2022;17:00;874;44500000
19/02/2022;07:00;754;45298000
19/02/2022;07:00;425;66260001
20/02/2022;07:00;947;15250000
20/02/2022;07:00;1311;15400000
20/02/2022;07:00;2052;15630000
20/02/2022;07:00;404;41135000
20/02/2022;17:00;401;41135000
20/02/2022;07:00;930;44290003
20/02/2022;17:00;932;44290003
20/02/2022;07:00;880;44500000
20/02/2022;17:00;884;44500000
20/02/2022;07:00;762;45298000
20/02/2022;17:00;762;45298000
20/02/2022;07:00;484;66260001
21/02/2022;07:00;949;15250000
21/02/2022;07:00;1326;15400000
21/02/2022;07:00;2064;15630000
21/02/2022;07:00;393;41135000
21/02/2022;17:00;403;41135000
21/02/2022;07:00;934;44290003
21/02/2022;17:00;936;44290003
21/02/2022;07:00;888;44500000
21/02/2022;17:00;890;44500000
21/02/2022;07:00;769;45298000
21/02/2022;07:00;540;66260001
22/02/2022;07:00;951;15250000
22/02/2022;07:00;1327;15400000
22/02/2022;07:00;2073;15630000
22/02/2022;07:00;405;41135000
22/02/2022;17:00;398;41135000
22/02/2022;07:00;940;44290003
22/02/2022;17:00;943;44290003
22/02/2022;07:00;896;44500000
22/02/2022;17:00;898;44500000
22/02/2022;07:00;773;45298000
22/02/2022;07:00;529;66260001
23/02/2022;07:00;954;15250000
23/02/2022;07:00;1335;15400000
23/02/2022;07:00;2088;15630000
23/02/2022;07:00;394;41135000
23/02/2022;17:00;393;41135000
23/02/2022;07:00;948;44290003
23/02/2022;17:00;950;44290003
23/02/2022;07:00;904;44500000
23/02/2022;17:00;906;44500000
23/02/2022;07:00;778;45298000
23/02/2022;07:00;481;66260001
24/02/2022;07:00;955;15250000
24/02/2022;07:00;1349;15400000
24/02/2022;07:00;2099;15630000
24/02/2022;07:00;391;41135000
24/02/2022;07:00;953;44290003
24/02/2022;17:00;959;44290003
24/02/2022;07:00;910;44500000
24/02/2022;17:00;914;44500000
24/02/2022;07:00;783;45298000
24/02/2022;07:00;544;66260001
25/02/2022;07:00;957;15250000
25/02/2022;07:00;1330;15400000
25/02/2022;07:00;2110;15630000
25/02/2022;07:00;386;41135000
25/02/2022;17:00;385;41135000
25/02/2022;07:00;964;44290003
25/02/2022;07:00;920;44500000
25/02/2022;17:00;922;44500000
25/02/2022;07:00;789;45298000
25/02/2022;07:00;581;66260001
26/02/2022;07:00;959;15250000
26/02/2022;07:00;1338;15400000
26/02/2022;07:00;2112;15630000
26/02/2022;07:00;363;41135000
26/02/2022;17:00;357;41135000
26/02/2022;07:00;971;44290003
26/02/2022;07:00;926;44500000
26/02/2022;17:00;930;44500000
26/02/2022;07:00;794;45298000
26/02/2022;07:00;483;66260001
27/02/2022;07:00;957;15250000
27/02/2022;07:00;1350;15400000
27/02/2022;07:00;2113;15630000
27/02/2022;07:00;352;41135000
27/02/2022;17:00;352;41135000
27/02/2022;07:00;975;44290003
27/02/2022;07:00;934;44500000
27/02/2022;17:00;938;44500000
27/02/2022;07:00;799;45298000
27/02/2022;07:00;483;66260001
28/02/2022;07:00;957;15250000
28/02/2022;07:00;2118;15630000
28/02/2022;07:00;343;41135000
28/02/2022;17:00;337;41135000
28/02/2022;07:00;974;44290003
28/02/2022;07:00;942;44500000
28/02/2022;17:00;944;44500000
28/02/2022;07:00;804;45298000
28/02/2022;07:00;292;66260001
01/03/2022;07:00;957;15250000
01/03/2022;07:00;2129;15630000
01/03/2022;07:00;332;41135000
01/03/2022;17:00;334;41135000
01/03/2022;07:00;969;44290003
01/03/2022;07:00;948;44500000
01/03/2022;17:00;950;44500000
01/03/2022;07:00;808;45298000
01/03/2022;07:00;263;66260001
02/03/2022;07:00;957;15250000
02/03/2022;07:00;2134;15630000
02/03/2022;07:00;333;41135000
02/03/2022;07:00;956;44290003
02/03/2022;07:00;952;44500000
02/03/2022;07:00;812;45298000
02/03/2022;07:00;247;66260001
03/03/2022;07:00;955;15250000
03/03/2022;07:00;2143;15630000
03/03/2022;07:00;331;41135000
03/03/2022;07:00;934;44290003
03/03/2022;07:00;952;44500000
03/03/2022;07:00;816;45298000
03/03/2022;07:00;413;66260001
04/03/2022;07:00;954;15250000
04/03/2022;07:00;2160;15630000
04/03/2022;07:00;330;41135000
04/03/2022;07:00;905;44290003
04/03/2022;07:00;947;44500000
04/03/2022;07:00;816;45298000
04/03/2022;07:00;473;66260001
05/03/2022;07:00;954;15250000
05/03/2022;07:00;2172;15630000
05/03/2022;07:00;303;41135000
05/03/2022;07:00;882;44290003
05/03/2022;07:00;936;44500000
05/03/2022;07:00;814;45298000
05/03/2022;07:00;474;66260001
06/03/2022;07:00;954;15250000
06/03/2022;07:00;2182;15630000
06/03/2022;07:00;277;41135000
06/03/2022;07:00;862;44290003
06/03/2022;07:00;912;44500000
06/03/2022;07:00;808;45298000
06/03/2022;07:00;392;66260001
07/03/2022;12:00;954;15250000
07/03/2022;07:00;2186;15630000
07/03/2022;07:00;266;41135000
07/03/2022;07:00;850;44290003
07/03/2022;07:00;898;44500000
07/03/2022;07:00;802;45298000
07/03/2022;07:00;382;66260001
08/03/2022;12:00;954;15250000
08/03/2022;07:00;2185;15630000
08/03/2022;07:00;255;41135000
08/03/2022;07:00;738;44290003
08/03/2022;07:00;860;44500000
08/03/2022;07:00;784;45298000
08/03/2022;07:00;314;66260001
09/03/2022;12:00;954;15250000
09/03/2022;07:00;2175;15630000
09/03/2022;07:00;235;41135000
09/03/2022;07:00;674;44290003
09/03/2022;07:00;802;44500000
09/03/2022;07:00;756;45298000
09/03/2022;07:00;314;66260001
10/03/2022;12:00;958;15250000
10/03/2022;07:00;2167;15630000
10/03/2022;07:00;232;41135000
10/03/2022;07:00;625;44290003
10/03/2022;07:00;742;44500000
10/03/2022;07:00;714;45298000
10/03/2022;07:00;387;66260001
11/03/2022;12:00;959;15250000
11/03/2022;07:00;2158;15630000
11/03/2022;07:00;232;41135000
11/03/2022;07:00;582;44290003
11/03/2022;07:00;676;44500000
11/03/2022;07:00;662;45298000
11/03/2022;07:00;332;66260001
12/03/2022;12:00;964;15250000
12/03/2022;07:00;2147;15630000
12/03/2022;07:00;231;41135000
12/03/2022;07:00;544;44290003
12/03/2022;07:00;630;44500000
12/03/2022;07:00;;45298000
12/03/2022;07:00;272;66260001
13/03/2022;12:00;968;15250000
13/03/2022;07:00;2138;15630000
13/03/2022;07:00;231;41135000
13/03/2022;07:00;513;44290003
13/03/2022;07:00;584;44500000
13/03/2022;07:00;;45298000
13/03/2022;07:00;268;66260001
14/03/2022;12:00;972;15250000
14/03/2022;07:00;2146;15630000
14/03/2022;07:00;230;41135000
14/03/2022;07:00;486;44290003
14/03/2022;07:00;556;44500000
14/03/2022;07:00;;45298000
14/03/2022;07:00;493;66260001
15/03/2022;12:00;975;15250000
15/03/2022;07:00;2143;15630000
15/03/2022;07:00;230;41135000
15/03/2022;07:00;482;44290003
15/03/2022;07:00;536;44500000
15/03/2022;07:00;;45298000
15/03/2022;07:00;446;66260001
16/03/2022;12:00;981;15250000
16/03/2022;07:00;2135;15630000
16/03/2022;07:00;233;41135000
16/03/2022;07:00;480;44290003
16/03/2022;07:00;512;44500000
16/03/2022;07:00;;45298000
16/03/2022;07:00;462;66260001
17/03/2022;12:00;985;15250000
17/03/2022;07:00;2135;15630000
17/03/2022;07:00;430;66260001
18/03/2022;12:00;990;15250000
18/03/2022;07:00;2152;15630000
18/03/2022;07:00;441;66260001
19/03/2022;08:00;1326;13600002
19/03/2022;08:00;1382;13600002
19/03/2022;12:00;995;15250000
19/03/2022;07:00;2165;15630000
19/03/2022;07:00;526;66260001
20/03/2022;08:00;1302;13600002
20/03/2022;12:00;999;15250000
20/03/2022;07:00;2182;15630000
20/03/2022;07:00;504;66260001
21/03/2022;08:00;1208;13600002
21/03/2022;12:00;1004;15250000
21/03/2022;07:00;2203;15630000
21/03/2022;07:00;404;66260001
22/03/2022;08:00;1212;13600002
22/03/2022;12:00;1008;15250000
22/03/2022;07:00;2219;15630000
22/03/2022;07:00;353;66260001
23/03/2022;20:00;1300;13600002
23/03/2022;08:00;1267;13600002
23/03/2022;12:00;1008;15250000
23/03/2022;07:00;2232;15630000
23/03/2022;07:00;339;66260001
24/03/2022;08:00;1330;13600002
24/03/2022;14:00;1344;13600002
24/03/2022;17:00;1350;13600002
24/03/2022;20:00;1358;13600002
24/03/2022;12:00;1010;15250000
24/03/2022;07:00;2236;15630000
24/03/2022;07:00;268;66260001
25/03/2022;08:00;1388;13600002
25/03/2022;11:00;1396;13600002
25/03/2022;15:00;1405;13600002
25/03/2022;17:00;1411;13600002
25/03/2022;20:00;1420;13600002
25/03/2022;12:00;1012;15250000
25/03/2022;07:00;2237;15630000
25/03/2022;07:00;238;66260001
26/03/2022;08:00;1443;13600002
26/03/2022;14:00;1457;13600002
26/03/2022;17:00;1465;13600002
26/03/2022;20:00;1470;13600002
26/03/2022;12:00;1014;15250000
26/03/2022;07:00;2238;15630000
26/03/2022;07:00;338;66260001
27/03/2022;08:00;1482;13600002
27/03/2022;17:00;1494;13600002
27/03/2022;20:00;1494;13600002
27/03/2022;12:00;1016;15250000
27/03/2022;07:00;2239;15630000
27/03/2022;07:00;290;66260001
28/03/2022;08:00;1501;13600002
28/03/2022;11:00;1488;13600002
28/03/2022;14:00;1486;13600002
28/03/2022;17:00;1483;13600002
28/03/2022;20:00;1481;13600002
28/03/2022;12:00;1016;15250000
28/03/2022;07:00;2238;15630000
28/03/2022;07:00;306;66260001
29/03/2022;08:00;1472;13600002
29/03/2022;11:00;1460;13600002
29/03/2022;14:00;1454;13600002
29/03/2022;17:00;1452;13600002
29/03/2022;20:00;1447;13600002
29/03/2022;12:00;;15250000
29/03/2022;12:00;1014;15250000
29/03/2022;07:00;2234;15630000
29/03/2022;07:00;285;66260001
30/03/2022;08:00;1432;13600002
30/03/2022;11:00;1424;13600002
30/03/2022;14:00;1418;13600002
30/03/2022;17:00;1414;13600002
30/03/2022;20:00;1410;13600002
30/03/2022;12:00;1014;15250000
30/03/2022;07:00;2238;15630000
30/03/2022;07:00;337;66260001
31/03/2022;08:00;1382;13600002
31/03/2022;12:00;1015;15250000
31/03/2022;07:00;2239;15630000
31/03/2022;07:00;279;66260001
01/04/2022;08:00;1358;13600002
01/04/2022;12:00;1016;15250000
01/04/2022;07:00;2245;15630000
01/04/2022;07:00;386;66260001
02/04/2022;08:00;1388;13600002
02/04/2022;11:00;1400;13600002
02/04/2022;14:00;1402;13600002
02/04/2022;12:00;1018;15250000
02/04/2022;07:00;2255;15630000
02/04/2022;07:00;337;66260001
03/04/2022;08:00;1402;13600002
03/04/2022;11:00;1401;13600002
03/04/2022;14:00;1398;13600002
03/04/2022;17:00;1396;13600002
03/04/2022;12:00;1019;15250000
03/04/2022;07:00;2259;15630000
03/04/2022;07:00;299;66260001
04/04/2022;08:00;1380;13600002
04/04/2022;12:00;1022;15250000
04/04/2022;07:00;2262;15630000
04/04/2022;07:00;269;66260001
05/04/2022;12:00;1023;15250000
05/04/2022;07:00;2265;15630000
05/04/2022;07:00;257;66260001
06/04/2022;12:00;1026;15250000
06/04/2022;07:00;2263;15630000
06/04/2022;07:00;244;66260001
07/04/2022;12:00;1026;15250000
07/04/2022;07:00;2263;15630000
07/04/2022;07:00;186;66260001
08/04/2022;12:00;1027;15250000
08/04/2022;07:00;2257;15630000
08/04/2022;07:00;205;66260001
09/04/2022;12:00;1027;15250000
09/04/2022;07:00;2249;15630000
09/04/2022;07:00;201;66260001
10/04/2022;12:00;1027;15250000
10/04/2022;07:00;2238;15630000
10/04/2022;07:00;198;66260001
11/04/2022;12:00;1027;15250000
11/04/2022;07:00;2225;15630000
11/04/2022;07:00;188;66260001
12/04/2022;12:00;1025;15250000
12/04/2022;07:00;2215;15630000
12/04/2022;07:00;175;66260001
13/04/2022;12:00;1023;15250000
13/04/2022;07:00;2203;15630000
13/04/2022;07:00;169;66260001
14/04/2022;12:00;1020;15250000
14/04/2022;07:00;2187;15630000
14/04/2022;07:00;156;66260001
15/04/2022;12:00;1020;15250000
15/04/2022;07:00;2181;15630000
15/04/2022;07:00;175;66260001
16/04/2022;12:00;1017;15250000
16/04/2022;07:00;2175;15630000
16/04/2022;07:00;200;66260001
17/04/2022;12:00;1016;15250000
17/04/2022;07:00;2171;15630000
17/04/2022;07:00;174;66260001
18/04/2022;07:00;;14680001
18/04/2022;12:00;1014;15250000
18/04/2022;07:00;2166;15630000
18/04/2022;07:00;157;66260001
19/04/2022;07:00;;14680001
19/04/2022;12:00;1013;15250000
19/04/2022;07:00;2160;15630000
19/04/2022;07:00;146;66260001
20/04/2022;07:00;;14680001
20/04/2022;12:00;1013;15250000
20/04/2022;07:00;2162;15630000
20/04/2022;07:00;140;66260001
21/04/2022;07:00;;14690000
21/04/2022;12:00;1012;15250000
21/04/2022;07:00;2164;15630000
21/04/2022;07:00;137;66260001
22/04/2022;12:00;1012;15250000
22/04/2022;07:00;2164;15630000
22/04/2022;07:00;135;66260001
23/04/2022;12:00;1014;15250000
23/04/2022;07:00;2155;15630000
23/04/2022;07:00;135;66260001
24/04/2022;12:00;1015;15250000
24/04/2022;07:00;2144;15630000
24/04/2022;07:00;136;66260001
25/04/2022;12:00;1012;15250000
25/04/2022;07:00;2128;15630000
25/04/2022;07:00;132;66260001
26/04/2022;07:00;;14690000
26/04/2022;12:00;1010;15250000
26/04/2022;07:00;2112;15630000
26/04/2022;07:00;131;66260001
27/04/2022;07:00;;14690000
27/04/2022;12:00;1007;15250000
27/04/2022;07:00;2095;15630000
27/04/2022;07:00;128;66260001
28/04/2022;07:00;;14690000
28/04/2022;12:00;1004;15250000
28/04/2022;07:00;2074;15630000
28/04/2022;07:00;126;66260001
29/04/2022;07:00;;14690000
29/04/2022;12:00;999;15250000
29/04/2022;07:00;2063;15630000
29/04/2022;07:00;126;66260001
30/04/2022;07:00;;14690000
30/04/2022;12:00;995;15250000
30/04/2022;07:00;2048;15630000
30/04/2022;07:00;122;66260001
01/05/2022;07:00;;14690000
01/05/2022;12:00;992;15250000
01/05/2022;07:00;2033;15630000
01/05/2022;07:00;123;66260001
02/05/2022;07:00;;14690000
02/05/2022;12:00;987;15250000
02/05/2022;07:00;2014;15630000
02/05/2022;07:00;122;66260001
03/05/2022;07:00;;14690000
03/05/2022;12:00;;15250000
03/05/2022;12:00;980;15250000
03/05/2022;07:00;1993;15630000
03/05/2022;07:00;140;66260001
04/05/2022;12:00;;15250000
04/05/2022;12:00;974;15250000
04/05/2022;07:00;1975;15630000
04/05/2022;07:00;204;66260001
05/05/2022;12:00;;15250000
05/05/2022;12:00;968;15250000
05/05/2022;07:00;1964;15630000
05/05/2022;07:00;207;66260001
06/05/2022;12:00;962;15250000
06/05/2022;07:00;1931;15630000
06/05/2022;07:00;205;66260001
07/05/2022;12:00;957;15250000
07/05/2022;07:00;1914;15630000
07/05/2022;07:00;149;66260001
08/05/2022;12:00;953;15250000
08/05/2022;07:00;1898;15630000
08/05/2022;07:00;132;66260001
09/05/2022;12:00;949;15250000
09/05/2022;07:00;1879;15630000
09/05/2022;07:00;130;66260001
10/05/2022;12:00;947;15250000
10/05/2022;07:00;1863;15630000
10/05/2022;07:00;130;66260001
11/05/2022;12:00;945;15250000
11/05/2022;07:00;1854;15630000
11/05/2022;07:00;130;66260001
12/05/2022;12:00;944;15250000
12/05/2022;07:00;1849;15630000
12/05/2022;07:00;140;66260001
13/05/2022;12:00;942;15250000
13/05/2022;07:00;1848;15630000
13/05/2022;07:00;133;66260001
14/05/2022;12:00;938;15250000
14/05/2022;07:00;1824;15630000
14/05/2022;07:00;128;66260001
15/05/2022;12:00;934;15250000
15/05/2022;07:00;1799;15630000
15/05/2022;07:00;127;66260001
16/05/2022;12:00;928;15250000
16/05/2022;07:00;1789;15630000
16/05/2022;07:00;127;66260001
17/05/2022;12:00;922;15250000
17/05/2022;07:00;1772;15630000
17/05/2022;07:00;126;66260001
18/05/2022;12:00;915;15250000
18/05/2022;07:00;1769;15630000
18/05/2022;07:00;132;66260001
19/05/2022;12:00;909;15250000
19/05/2022;07:00;1763;15630000
19/05/2022;07:00;125;66260001
20/05/2022;12:00;900;15250000
20/05/2022;07:00;1754;15630000
20/05/2022;07:00;125;66260001
21/05/2022;12:00;894;15250000
21/05/2022;07:00;1758;15630000
21/05/2022;07:00;124;66260001
22/05/2022;12:00;887;15250000
22/05/2022;07:00;1750;15630000
22/05/2022;07:00;124;66260001
23/05/2022;12:00;880;15250000
23/05/2022;07:00;1747;15630000
23/05/2022;07:00;125;66260001
24/05/2022;12:00;873;15250000
24/05/2022;07:00;1748;15630000
24/05/2022;07:00;124;66260001
25/05/2022;12:00;867;15250000
25/05/2022;07:00;1747;15630000
25/05/2022;07:00;124;66260001
26/05/2022;12:00;860;15250000
26/05/2022;07:00;1737;15630000
26/05/2022;07:00;124;66260001
27/05/2022;12:00;860;15250000
27/05/2022;07:00;1723;15630000
27/05/2022;07:00;123;66260001
28/05/2022;12:00;848;15250000
28/05/2022;07:00;1716;15630000
28/05/2022;07:00;123;66260001
29/05/2022;12:00;842;15250000
29/05/2022;07:00;1676;15630000
29/05/2022;07:00;123;66260001
30/05/2022;12:00;832;15250000
30/05/2022;07:00;1649;15630000
30/05/2022;07:00;122;66260001
31/05/2022;12:00;826;15250000
31/05/2022;07:00;1623;15630000
31/05/2022;07:00;122;66260001
01/06/2022;12:00;1570;14690000
01/06/2022;12:00;819;15250000
01/06/2022;07:00;1602;15630000
01/06/2022;07:00;122;66260001
02/06/2022;12:00;812;15250000
02/06/2022;07:00;1584;15630000
02/06/2022;07:00;121;66260001
03/06/2022;12:00;1532;14690000
03/06/2022;12:00;805;15250000
03/06/2022;07:00;1574;15630000
03/06/2022;07:00;121;66260001
04/06/2022;12:00;797;15250000
04/06/2022;07:00;1560;15630000
04/06/2022;07:00;121;66260001
05/06/2022;12:00;789;15250000
05/06/2022;07:00;1554;15630000
05/06/2022;07:00;121;66260001
06/06/2022;12:00;783;15250000
06/06/2022;07:00;1548;15630000
06/06/2022;07:00;121;66260001
07/06/2022;12:00;776;15250000
07/06/2022;07:00;1562;15630000
07/06/2022;07:00;120;66260001
08/06/2022;12:00;1522;14690000
08/06/2022;12:00;771;15250000
08/06/2022;07:00;1565;15630000
08/06/2022;07:00;120;66260001
09/06/2022;12:00;766;15250000
09/06/2022;07:00;1568;15630000
09/06/2022;07:00;125;66260001
10/06/2022;12:00;763;15250000
10/06/2022;07:00;1561;15630000
10/06/2022;07:00;123;66260001
11/06/2022;12:00;763;15250000
11/06/2022;07:00;1556;15630000
11/06/2022;07:00;129;66260001
12/06/2022;21:30;850;14710000
12/06/2022;12:00;761;15250000
12/06/2022;07:00;1576;15630000
12/06/2022;07:00;126;66260001
13/06/2022;12:00;759;15250000
13/06/2022;07:00;1596;15630000
13/06/2022;07:00;126;66260001
14/06/2022;12:00;758;15250000
14/06/2022;07:00;1616;15630000
14/06/2022;07:00;124;66260001
15/06/2022;12:00;756;15250000
15/06/2022;07:00;1637;15630000
15/06/2022;07:00;122;66260001
16/06/2022;12:00;755;15250000
16/06/2022;07:00;1646;15630000
16/06/2022;07:00;122;66260001
17/06/2022;12:00;754;15250000
17/06/2022;07:00;1644;15630000
17/06/2022;07:00;122;66260001
18/06/2022;12:00;753;15250000
18/06/2022;07:00;1633;15630000
18/06/2022;07:00;125;66260001
19/06/2022;12:00;752;15250000
19/06/2022;07:00;1615;15630000
19/06/2022;07:00;122;66260001
20/06/2022;12:00;750;15250000
20/06/2022;07:00;1590;15630000
20/06/2022;07:00;123;66260001
21/06/2022;12:00;746;15250000
21/06/2022;07:00;1565;15630000
21/06/2022;07:00;121;66260001
22/06/2022;12:00;743;15250000
22/06/2022;07:00;1541;15630000
22/06/2022;07:00;120;66260001
23/06/2022;12:00;740;15250000
23/06/2022;07:00;1517;15630000
23/06/2022;07:00;120;66260001
24/06/2022;12:00;736;15250000
24/06/2022;07:00;1494;15630000
24/06/2022;07:00;121;66260001
25/06/2022;12:00;731;15250000
25/06/2022;07:00;1466;15630000
25/06/2022;07:00;121;66260001
26/06/2022;12:00;727;15250000
26/06/2022;07:00;1439;15630000
26/06/2022;07:00;117;66260001
27/06/2022;12:00;719;15250000
27/06/2022;07:00;1430;15630000
27/06/2022;07:00;117;66260001
28/06/2022;08:00;864;14710000
28/06/2022;18:00;864;14710000
28/06/2022;12:00;714;15250000
28/06/2022;07:00;1412;15630000
28/06/2022;07:00;117;66260001
29/06/2022;08:00;868;14710000
29/06/2022;18:00;874;14710000
29/06/2022;12:00;708;15250000
29/06/2022;07:00;1395;15630000
29/06/2022;07:00;117;66260001
30/06/2022;08:00;880;14710000
30/06/2022;18:00;886;14710000
30/06/2022;12:00;701;15250000
30/06/2022;07:00;1383;15630000
30/06/2022;07:00;117;66260001
01/07/2022;08:00;896;14710000
01/07/2022;12:00;699;15250000
01/07/2022;07:00;1369;15630000
01/07/2022;07:00;117;66260001
02/07/2022;12:00;694;15250000
02/07/2022;07:00;1353;15630000
02/07/2022;07:00;116;66260001
03/07/2022;12:00;690;15250000
03/07/2022;07:00;1332;15630000
03/07/2022;07:00;116;66260001
04/07/2022;07:00;218;13600002
04/07/2022;12:00;681;15250000
04/07/2022;07:00;1310;15630000
04/07/2022;07:00;116;66260001
05/07/2022;07:00;215;13600002
05/07/2022;00:00;948;14710000
05/07/2022;02:00;948;14710000
05/07/2022;04:00;948;14710000
05/07/2022;06:00;948;14710000
05/07/2022;08:00;948;14710000
05/07/2022;10:00;949;14710000
05/07/2022;12:00;948;14710000
05/07/2022;17:00;947;14710000
05/07/2022;18:00;948;14710000
05/07/2022;19:00;948;14710000
05/07/2022;21:00;947;14710000
05/07/2022;23:00;947;14710000
05/07/2022;12:00;677;15250000
05/07/2022;07:00;1291;15630000
05/07/2022;07:00;115;66260001
06/07/2022;07:00;214;13600002
06/07/2022;12:00;673;15250000
06/07/2022;07:00;1272;15630000
06/07/2022;07:00;115;66260001
07/07/2022;07:00;212;13600002
07/07/2022;12:00;667;15250000
07/07/2022;07:00;1255;15630000
07/07/2022;07:00;115;66260001
08/07/2022;07:00;208;13600002
08/07/2022;12:00;663;15250000
08/07/2022;07:00;1225;15630000
08/07/2022;07:00;115;66260001
09/07/2022;07:00;205;13600002
09/07/2022;12:00;659;15250000
09/07/2022;07:00;1205;15630000
09/07/2022;07:00;115;66260001
10/07/2022;07:00;202;13600002
10/07/2022;12:00;654;15250000
10/07/2022;07:00;1193;15630000
10/07/2022;07:00;115;66260001
11/07/2022;07:00;204;13600002
11/07/2022;12:00;650;15250000
11/07/2022;07:00;1187;15630000
11/07/2022;07:00;115;66260001
12/07/2022;12:00;645;15250000
12/07/2022;07:00;1170;15630000
12/07/2022;07:00;115;66260001
13/07/2022;12:00;643;15250000
13/07/2022;07:00;1159;15630000
13/07/2022;07:00;115;66260001
14/07/2022;12:00;638;15250000
14/07/2022;07:00;1151;15630000
14/07/2022;07:00;115;66260001
15/07/2022;12:00;634;15250000
15/07/2022;07:00;1141;15630000
15/07/2022;07:00;115;66260001
16/07/2022;12:00;630;15250000
16/07/2022;07:00;1130;15630000
16/07/2022;07:00;115;66260001
17/07/2022;12:00;627;15250000
17/07/2022;07:00;1128;15630000
17/07/2022;07:00;100;66260001
18/07/2022;12:00;625;15250000
18/07/2022;07:00;1121;15630000
18/07/2022;07:00;100;66260001
19/07/2022;12:00;621;15250000
19/07/2022;07:00;1118;15630000
19/07/2022;07:00;100;66260001
20/07/2022;12:00;618;15250000
20/07/2022;07:00;1121;15630000
20/07/2022;07:00;100;66260001
21/07/2022;12:00;616;15250000
21/07/2022;07:00;1172;15630000
21/07/2022;07:00;100;66260001
22/07/2022;12:00;614;15250000
22/07/2022;07:00;1190;15630000
22/07/2022;07:00;100;66260001
23/07/2022;07:00;613;15250000
23/07/2022;07:00;1199;15630000
23/07/2022;07:00;100;66260001
24/07/2022;07:00;613;15250000
24/07/2022;07:00;1185;15630000
24/07/2022;07:00;100;66260001
25/07/2022;07:00;614;15250000
25/07/2022;07:00;1172;15630000
25/07/2022;07:00;100;66260001
26/07/2022;07:00;618;15250000
26/07/2022;07:00;1154;15630000
26/07/2022;07:00;100;66260001
27/07/2022;07:00;620;15250000
27/07/2022;07:00;1147;15630000
27/07/2022;07:00;100;66260001
27/07/2022;07:00;244;66825000
27/07/2022;07:00;125;66970000
27/07/2022;07:00;308;67100000
28/07/2022;07:00;622;15250000
28/07/2022;07:00;1140;15630000
28/07/2022;07:00;100;66260001
28/07/2022;07:00;243;66825000
28/07/2022;07:00;124;66970000
28/07/2022;07:00;307;67100000
29/07/2022;07:00;627;15250000
29/07/2022;07:00;;15630000
29/07/2022;07:00;100;66260001
29/07/2022;07:00;240;66825000
29/07/2022;07:00;124;66970000
29/07/2022;07:00;306;67100000
30/07/2022;07:00;630;15250000
30/07/2022;07:00;1136;15630000
30/07/2022;07:00;100;66260001
31/07/2022;07:00;631;15250000
31/07/2022;07:00;1126;15630000
31/07/2022;07:00;110;66260001
01/08/2022;07:00;632;15250000
01/08/2022;07:00;1115;15630000
01/08/2022;07:00;100;66260001
02/08/2022;07:00;631;15250000
02/08/2022;07:00;1112;15630000
02/08/2022;07:00;100;66260001
02/08/2022;07:00;302;67100000
03/08/2022;07:00;630;15250000
03/08/2022;07:00;1108;15630000
03/08/2022;07:00;100;66260001
03/08/2022;07:00;302;67100000
04/08/2022;07:00;629;15250000
04/08/2022;07:00;1115;15630000
04/08/2022;07:00;76;66070004
04/08/2022;07:00;99;66260001
04/08/2022;07:00;300;67100000
05/08/2022;07:00;;15250000
05/08/2022;07:00;1124;15630000
05/08/2022;07:00;76;66070004
05/08/2022;07:00;100;66260001
05/08/2022;07:00;227;66825000
05/08/2022;07:00;126;66970000
05/08/2022;07:00;300;67100000
06/08/2022;07:00;625;15250000
06/08/2022;07:00;1120;15630000
06/08/2022;07:00;100;66260001
06/08/2022;07:00;300;67100000
07/08/2022;07:00;622;15250000
07/08/2022;07:00;1111;15630000
07/08/2022;07:00;100;66260001
07/08/2022;07:00;300;67100000
08/08/2022;07:00;616;15250000
08/08/2022;07:00;1100;15630000
08/08/2022;07:00;100;66260001
08/08/2022;07:00;298;67100000
09/08/2022;07:00;614;15250000
09/08/2022;07:00;1092;15630000
09/08/2022;07:00;100;66260001
09/08/2022;07:00;298;67100000
10/08/2022;07:00;609;15250000
10/08/2022;07:00;;15630000
10/08/2022;07:00;100;66260001
10/08/2022;07:00;120;66970000
10/08/2022;07:00;298;67100000
11/08/2022;07:00;602;15250000
11/08/2022;07:00;100;66260001
11/08/2022;07:00;118;66970000
11/08/2022;07:00;295;67100000
12/08/2022;07:00;600;15250000
12/08/2022;07:00;100;66260001
13/08/2022;07:00;525;14620000
13/08/2022;17:00;500;14620000
13/08/2022;07:00;600;15250000
13/08/2022;07:00;100;66260001
14/08/2022;07:00;501;14620000
14/08/2022;17:00;500;14620000
14/08/2022;07:00;598;15250000
14/08/2022;07:00;100;66260001
15/08/2022;07:00;508;14620000
15/08/2022;17:00;508;14620000
15/08/2022;07:00;595;15250000
15/08/2022;07:00;114;66260001
16/08/2022;07:00;512;14620000
16/08/2022;07:00;508;14620000
16/08/2022;07:00;594;15250000
16/08/2022;07:00;122;66260001
17/08/2022;07:00;496;14620000
17/08/2022;17:00;;14620000
17/08/2022;07:00;593;15250000
17/08/2022;07:00;100;66260001
18/08/2022;07:00;466;14620000
18/08/2022;07:00;592;15250000
18/08/2022;07:00;115;66260001
18/08/2022;07:00;201;66825000
18/08/2022;07:00;76;66970000
18/08/2022;07:00;291;67100000
19/08/2022;07:00;593;15250000
20/08/2022;07:00;590;15250000
21/08/2022;07:00;589;15250000
22/08/2022;07:00;583;15250000
23/08/2022;07:00;577;15250000
24/08/2022;07:00;577;15250000
25/08/2022;12:00;576;15250000
26/08/2022;12:00;576;15250000
27/08/2022;12:00;575;15250000
28/08/2022;12:00;574;15250000
29/08/2022;12:00;574;15250000
30/08/2022;12:00;573;15250000
31/08/2022;12:00;570;15250000
01/09/2022;12:00;569;15250000
02/09/2022;12:00;568;15250000
03/09/2022;12:00;567;15250000
04/09/2022;12:00;566;15250000
05/09/2022;12:00;561;15250000
06/09/2022;12:00;559;15250000
06/09/2022;07:00;;15630000
07/09/2022;12:00;556;15250000
07/09/2022;07:00;;15630000
08/09/2022;12:00;553;15250000
08/09/2022;07:00;;15630000
09/09/2022;12:00;552;15250000
10/09/2022;12:00;547;15250000
11/09/2022;12:00;545;15250000
12/09/2022;12:00;542;15250000
13/09/2022;12:00;540;15250000
14/09/2022;12:00;539;15250000
15/09/2022;12:00;539;15250000
16/09/2022;12:00;537;15250000
17/09/2022;12:00;534;15250000
18/09/2022;12:00;533;15250000
19/09/2022;12:00;531;15250000
20/09/2022;12:00;530;15250000
21/09/2022;12:00;529;15250000
22/09/2022;07:00;528;15250000
23/09/2022;07:00;530;15250000
24/09/2022;07:00;526;15250000
25/09/2022;07:00;527;15250000
26/09/2022;07:00;533;15250000
27/09/2022;07:00;541;15250000
27/09/2022;07:00;-32;66970000
28/09/2022;07:00;;15250000
28/09/2022;07:00;44;66070004
28/09/2022;07:00;90;66825000
28/09/2022;07:00;-26;66970000
28/09/2022;07:00;204;67100000
29/09/2022;07:00;;15250000
29/09/2022;07:00;48;66070004
29/09/2022;07:00;89;66825000
29/09/2022;07:00;-24;66970000
29/09/2022;07:00;204;67100000
30/09/2022;07:00;52;66070004
30/09/2022;07:00;86;66825000
30/09/2022;07:00;202;67100000
30/09/2022;09:30;560;15250000
01/10/2022;09:30;564;15250000
02/10/2022;10:30;568;15250000
03/10/2022;09:30;571;15250000
04/10/2022;09:30;574;15250000
05/10/2022;09:30;576;15250000
06/10/2022;09:30;577;15250000
07/10/2022;09:30;577;15250000
10/10/2022;07:00;-28;66970000
11/10/2022;07:00;77;66825000
11/10/2022;07:00;-28;66970000
11/10/2022;07:00;198;67100000
12/10/2022;07:00;76;66825000
12/10/2022;07:00;-26;66970000
12/10/2022;07:00;200;67100000
13/10/2022;07:00;78;66825000
13/10/2022;07:00;200;67100000
08/10/2022;09:30;575;15250000
09/10/2022;09:30;574;15250000
10/10/2022;09:30;574;15250000
11/10/2022;09:30;574;15250000
12/10/2022;09:30;571;15250000
13/10/2022;09:30;571;15250000
14/10/2022;09:30;571;15250000
14/10/2022;07:00;77;66825000
15/10/2022;07:00;77;66825000
16/10/2022;07:00;76;66825000
17/10/2022;07:00;75;66825000
18/10/2022;07:00;75;66825000
19/10/2022;07:00;73;66825000
20/10/2022;07:00;71;66825000
21/10/2022;07:00;70;66825000
22/10/2022;07:00;70;66825000
23/10/2022;07:00;71;66825000
24/10/2022;07:00;70;66825000
25/10/2022;07:00;70;66825000
26/10/2022;07:00;69;66825000
27/10/2022;07:00;69;66825000
04/11/2022;07:00;54;66825000
19/11/2022;07:00;43;66825000
20/11/2022;07:00;43;66825000
21/11/2022;07:00;45;66825000
22/11/2022;07:00;44;66825000
29/11/2022;07:00;41;66825000
30/11/2022;07:00;39;66825000
01/12/2022;07:00;37;66825000
02/12/2022;07:00;35;66825000
14/10/2022;07:00;198;67100000
15/10/2022;07:00;197;67100000
16/10/2022;07:00;196;67100000
17/10/2022;07:00;199;67100000
18/10/2022;07:00;203;67100000
19/10/2022;07:00;203;67100000
20/10/2022;07:00;202;67100000
21/10/2022;07:00;203;67100000
22/10/2022;07:00;202;67100000
23/10/2022;07:00;202;67100000
24/10/2022;07:00;202;67100000
25/10/2022;07:00;202;67100000
26/10/2022;07:00;200;67100000
27/10/2022;07:00;202;67100000
04/11/2022;07:00;190;67100000
11/11/2022;07:00;181;67100000
19/11/2022;07:00;198;67100000
20/11/2022;07:00;193;67100000
21/11/2022;07:00;200;67100000
22/11/2022;07:00;186;67100000
23/11/2022;07:00;183;67100000
14/10/2022;07:00;-28;66970000
15/10/2022;07:00;-28;66970000
16/10/2022;07:00;-28;66970000
17/10/2022;07:00;-26;66970000
18/10/2022;07:00;-26;66970000
19/10/2022;07:00;-28;66970000
20/10/2022;07:00;-29;66970000
21/10/2022;07:00;-30;66970000
22/10/2022;07:00;-30;66970000
23/10/2022;07:00;-34;66970000
24/10/2022;07:00;-34;66970000
25/10/2022;07:00;-32;66970000
26/10/2022;07:00;-36;66970000
03/11/2022;07:00;-40;66970000
19/11/2022;07:00;-66;66970000
20/11/2022;07:00;-66;66970000
21/11/2022;07:00;-66;66970000
15/10/2022;09:30;569;15250000
16/10/2022;09:30;566;15250000
17/10/2022;09:30;564;15250000
18/10/2022;09:30;563;15250000
19/10/2022;09:30;562;15250000
20/10/2022;09:30;;15250000
21/10/2022;09:30;559;15250000
22/10/2022;09:30;558;15250000
23/10/2022;09:30;;15250000
24/10/2022;09:30;557;15250000
25/10/2022;09:30;555;15250000
26/10/2022;09:30;555;15250000
27/10/2022;09:30;;15250000
28/10/2022;09:30;;15250000
26/10/2022;09:30;555;15250000
29/11/2022;07:00;175;67100000
30/11/2022;07:00;174;67100000
01/12/2022;07:00;172;67100000
02/12/2022;07:00;170;67100000
15/12/2022;07:00;145;67100000
16/12/2022;07:00;143;67100000
28/11/2022;07:00;-62;66970000
29/11/2022;07:00;-64;66970000
30/11/2022;07:00;-64;66970000
01/12/2022;07:00;-64;66970000
08/12/2022;07:00;-88;66970000
14/12/2022;07:00;-96;66970000
15/12/2022;07:00;-96;66970000
16/12/2022;07:00;-96;66970000
15/12/2022;07:00;19;66825000
16/12/2022;07:00;20;66825000
